{
	"format_version": "1.8.0",
	"animations": {
		"animation.sf_nba.tortoise.sit": {
			"animation_length": 2,
			"bones": {
				"body": {
					"position": [0, -2, 0]
				},
				"left_arm": {
					"rotation": [-90, 0, 0],
					"position": [0, -3, 0]
				},
				"right_arm": {
					"rotation": [-90, 0, 0],
					"position": [0, -3, 0]
				},
				"left_leg": {
					"rotation": [-90, -45, 0],
					"position": [1, -3, 0]
				},
				"right_leg": {
					"rotation": [-90, 45, 0],
					"position": [-1, -3, 0]
				},
				"headRot": {
					"rotation": [0, 0, 0],
					"position": [0, -2, 0]
				}
			}
		},
		"animation.sf_nba.tortoise.walk": {
			"animation_length": 1.8333,
			"bones": {
				"body": {
					"rotation": {
						"0.0": [1.56, -0.04, -0.8],
						"0.0833": [1.55, -0.02, 0.14],
						"0.1667": [1.39, 0.01, 0.92],
						"0.25": [1.18, 0.04, 1.55],
						"0.3333": [0.95, 0.07, 2.25],
						"0.4167": [0.74, 0.11, 2.62],
						"0.5": [0.58, 0.14, 2.86],
						"0.5833": [0.56, 0.16, 2.94],
						"0.6667": [0.74, 0.14, 2.88],
						"0.75": [1.06, 0.1, 2.67],
						"0.8333": [1.38, 0.06, 1.97],
						"0.9167": [1.56, 0.04, 0.8],
						"1.0": [1.55, 0.02, -0.25],
						"1.0833": [1.39, -0.01, -1.03],
						"1.1667": [1.18, -0.04, -1.67],
						"1.25": [0.95, -0.07, -2.19],
						"1.3333": [0.74, -0.11, -2.58],
						"1.4167": [0.58, -0.14, -2.84],
						"1.5": [0.56, -0.16, -2.94],
						"1.5833": [0.74, -0.14, -2.9],
						"1.6667": [1.06, -0.1, -2.52],
						"1.75": [1.38, -0.06, -1.76],
						"1.8333": [1.56, -0.04, -0.8]
					},
					"position": {
						"0.0": [-0.12, 0.2, 0],
						"0.0833": [-0.04, 0.2, 0],
						"0.1667": [0.04, 0.2, 0],
						"0.25": [0.12, 0.2, 0],
						"0.3333": [0.2, 0.2, 0],
						"0.4167": [0.25, 0.2, 0],
						"0.5": [0.29, 0.2, 0],
						"0.5833": [0.3, 0.2, 0],
						"0.6667": [0.29, 0.2, 0],
						"0.75": [0.25, 0.2, 0],
						"0.8333": [0.2, 0.2, 0],
						"0.9167": [0.12, 0.2, 0],
						"1.0": [0.04, 0.2, 0],
						"1.0833": [-0.04, 0.2, 0],
						"1.1667": [-0.12, 0.2, 0],
						"1.25": [-0.2, 0.2, 0],
						"1.3333": [-0.25, 0.2, 0],
						"1.4167": [-0.29, 0.2, 0],
						"1.5": [-0.3, 0.2, 0],
						"1.5833": [-0.29, 0.2, 0],
						"1.6667": [-0.25, 0.2, 0],
						"1.75": [-0.2, 0.2, 0],
						"1.8333": [-0.12, 0.2, 0]
					}
				},
				"left_arm": {
					"rotation": {
						"0.0": [-11.88149, 0.43536, 4.51902],
						"1.0": [17.24283, 0.91637, -6.51341],
						"1.25": [13.21185, 1.06858, -4.93963],
						"1.8333": [-11.88149, 0.43536, 4.51902]
					},
					"position": {
						"0.0": [0, 0.2, -0.5],
						"0.5": [0, 0, 1.2],
						"1.0": [0, 0.2, 2.9],
						"1.25": [0, 0.7, 1.93],
						"1.4167": [0, 0.8, 0.96],
						"1.75": [0, 0.6, -0.61],
						"1.8333": [0, 0.2, -0.5]
					}
				},
				"right_arm": {
					"rotation": {
						"0.0": [14.82, -0.88, 5.59],
						"0.0833": [17.24283, -0.91637, 6.51341],
						"0.3333": [13.21185, -1.06858, 4.93963],
						"0.9167": [-11.88149, -0.43536, -4.51902],
						"1.8333": [14.82, -0.88, 5.59]
					},
					"position": {
						"0.0": [0, 0.17, 2.62],
						"0.0833": [0, 0.2, 2.9],
						"0.3333": [0, 0.7, 1.93],
						"0.5": [0, 0.8, 0.96],
						"0.8333": [0, 0.6, -0.61],
						"0.9167": [0, 0.2, -0.5],
						"1.4167": [0, 0, 1.2],
						"1.8333": [0, 0.17, 2.62]
					}
				},
				"right_leg": {
					"rotation": {
						"0.0": [0.25, -0.64, 0.08],
						"0.5833": [17.24283, -0.91637, 6.51341],
						"0.8333": [13.21185, -1.06858, 4.93963],
						"0.9167": [9.63, -0.98, 3.59],
						"1.4167": [-11.88149, -0.43536, -4.51902],
						"1.8333": [0.25, -0.64, 0.08]
					},
					"position": {
						"0.0": [0, 0.03, -0.08],
						"0.0833": [0, 0, 0.2],
						"0.5833": [0, 0.2, 1.9],
						"0.8333": [0, 0.7, 0.93],
						"0.9167": [0, 0.75, 0.45],
						"1.0": [0, 0.8, -0.04],
						"1.3333": [0, 0.6, -1.61],
						"1.4167": [0, 0.2, -1.5],
						"1.8333": [0, 0.03, -0.08]
					}
				},
				"left_leg": {
					"rotation": {
						"0.0": [9.63, 0.98, -3.59],
						"0.5": [-11.88149, 0.43536, 4.51902],
						"1.5": [17.24283, 0.91637, -6.51341],
						"1.75": [13.21185, 1.06858, -4.93963],
						"1.8333": [9.63, 0.98, -3.59]
					},
					"position": {
						"0.0": [0, 0.75, 0.45],
						"0.0833": [0, 0.8, -0.04],
						"0.4167": [0, 0.6, -1.61],
						"0.5": [0, 0.2, -1.5],
						"1.0": [0, 0, 0.2],
						"1.5": [0, 0.2, 1.9],
						"1.75": [0, 0.7, 0.93],
						"1.8333": [0, 0.75, 0.45]
					}
				},
				"headRot": {
					"rotation": {
						"0.0": [-1.42, 0.61, 2.79],
						"0.0833": [-1.72, 0.53, 2.73],
						"0.1667": [-2.42, 0.39, 2.49],
						"0.25": [-3.12, 0.24, 1.93],
						"0.3333": [-3.42, 0.17, 0.76],
						"0.4167": [-3.38, 0.09, -0.15],
						"0.5": [-3.08, -0.02, -0.87],
						"0.5833": [-2.65, -0.15, -1.48],
						"0.6667": [-2.19, -0.29, -2],
						"0.75": [-1.77, -0.42, -2.41],
						"0.8333": [-1.47, -0.53, -2.68],
						"0.9167": [-1.42, -0.61, -2.79],
						"1.0": [-1.72, -0.53, -2.73],
						"1.0833": [-2.42, -0.39, -2.5],
						"1.1667": [-3.12, -0.24, -1.94],
						"1.25": [-3.42, -0.17, -0.76],
						"1.3333": [-3.38, -0.09, 0.16],
						"1.4167": [-3.08, 0.02, 0.89],
						"1.5": [-2.65, 0.15, 1.51],
						"1.5833": [-2.19, 0.29, 2.02],
						"1.6667": [-1.77, 0.42, 2.42],
						"1.75": [-1.47, 0.53, 2.69],
						"1.8333": [-1.42, 0.61, 2.79]
					}
				}
			},
			"sound_effects": {
				"0.0": {
					"effect": "step"
				},
				"0.5": {
					"effect": "step"
				},
				"0.875": {
					"effect": "step"
				},
				"1.4167": {
					"effect": "step"
				}
			}
		},
		"animation.sf_nba.tortoise.dig": {
			"animation_length": 2,
			"bones": {
				"tail": {
					"rotation": {
						"0.0": [0, 0, 0],
						"0.5417": [-22.5, 0, 0],
						"0.7917": [-45, 0, 0],
						"1.7917": [-22.5, 0, 0]
					}
				},
				"left_foot": {
					"rotation": {
						"0.0": [0, 0, 0],
						"0.5417": [0, 0, 0],
						"0.7917": [0, "Math.cos((query.anim_time - 0.0) * 720) * 45 ", 0],
						"1.7917": [0, -45, 0]
					}
				},
				"right_foot": {
					"rotation": {
						"0.0": [0, 0, 0],
						"0.5417": [0, 0, 0],
						"0.7917": [0, "Math.cos((query.anim_time - 0.0) * 720) * -45 ", 0],
						"1.7917": [-67.86692, 32.28584, -82.62226]
					}
				},
				"body": {
					"rotation": [5, 0, "Math.sin((query.anim_time - 0.0) * 720) * 4"],
					"position": [0, -1, 0]
				},
				"left_arm": {
					"rotation": ["21.8472 + Math.cos((query.anim_time - 0.0) * 720) * 45", 3.4947, 23.87189]
				},
				"right_arm": {
					"rotation": ["21.8472 + Math.cos((query.anim_time - 0.0) * 720) * -45", -3.4947, -23.87189]
				},
				"headRot": {
					"rotation": [17.5, "Math.sin((query.anim_time - 0.0) * 720) * 8", 0],
					"position": [0, 3, 0]
				}
			},
			"sound_effects": {
				"0.0": {
					"effect": "dig"
				},
				"0.25": {
					"effect": "dig"
				},
				"0.5": {
					"effect": "dig"
				},
				"0.75": {
					"effect": "dig"
				},
				"1.0": {
					"effect": "dig"
				},
				"1.25": {
					"effect": "dig"
				},
				"1.5": {
					"effect": "dig"
				},
				"1.75": {
					"effect": "dig"
				},
				"2.0": {
					"effect": "dig"
				}
			}
		},
		"animation.sf_nba.tortoise.idle": {
			"loop": true
		},
		"animation.sf_nba.tortoise.hurt": {
			"animation_length": 0.25,
			"bones": {
				"body": {
					"rotation": [0, 0, "Math.sin((query.anim_time - 0.0) * 1440) * 4"]
				},
				"headRot": {
					"rotation": [0, 0, "Math.sin((query.anim_time - 0.0) * 1440) * -4"]
				}
			}
		},
		"animation.sf_nba.tortoise.walk_UB": {
			"loop": true,
			"animation_length": 1.83333,
			"bones": {
				"body": {
					"rotation": {
						"0.0": [0.56396, 0.15569, 2.94318],
						"0.0833": [0.74339, 0.1368, 2.88229],
						"0.1667": [1.06396, 0.09907, 2.67393],
						"0.25": [1.38453, 0.06134, 2.17005],
						"0.3333": [1.56396, 0.04246, 0.80268],
						"0.4167": [1.54568, 0.02387, -0.25256],
						"0.5": [1.3895, -0.00627, -1.0283],
						"0.5833": [1.17773, -0.03956, -1.66864],
						"0.6667": [0.95019, -0.07366, -2.18831],